{"cameraMode":{"drawMode":0,"name":"Shaded","section":"Shading Mode"},"sceneLighting":true,"audioPlay":false,"sceneViewState":{"showFog":true,"showMaterialUpdate":true,"showSkybox":true,"showFlares":true,"showImageEffects":true,"showParticleSystems":true},"in2DMode":false,"pivot":{"x":14.093338012695313,"y":18.99211883544922,"z":-5.0509185791015629},"rotation":{"x":0.23949448764324189,"y":-0.2415960133075714,"z":0.061664871871471408,"w":0.9383368492126465},"size":46.673362731933597,"orthographic":false}